"d3mIndex","Country","Year","Month","Atrocities","Protest.Riot.Fatality","Internal_Force_Engagements","Internal_engagement_fatalities.x","Terrorism_Deaths","Terror_Attacks","Atrocity","Domestic_unrest","Internal_force_engagement50","Internal_force_engagement25","Internal_engagement_fatalities.y","Terrorism_fatalities","Terrorism_incidents","Terrorism","High_casualty_event"
1,"Afghanistan",2017,1,54,0,320,1990,270,89,0,0,1,1,1,1,1,1,0
2,"Afghanistan",2017,2,50,0,246,1533,225,81,0,0,1,1,1,1,1,1,0
3,"Afghanistan",2017,3,127,0,372,2557,248,79,1,0,1,1,1,1,1,1,0
4,"Afghanistan",2017,4,25,3,354,2704,176,69,0,0,1,1,1,1,1,1,0
5,"Afghanistan",2017,5,197,0,463,3798,594,113,1,0,1,1,1,1,1,1,0
6,"Afghanistan",2017,6,66,9,315,1845,334,115,0,0,1,1,1,1,1,1,0
8,"Afghanistan",2017,8,128,0,512,2897,696,122,1,0,1,1,1,1,1,1,0
9,"Afghanistan",2017,9,12,0,443,1999,370,117,0,0,1,1,1,1,1,1,0
10,"Afghanistan",2017,10,131,0,559,3128,514,105,1,0,1,1,1,1,1,1,0
11,"Afghanistan",2017,11,33,9,266,1564,286,74,0,0,1,1,1,1,1,1,0
12,"Afghanistan",2017,12,75,0,327,2041,387,99,0,0,1,1,1,1,1,1,0
13,"Algeria",2017,1,0,0,5,7,1,1,0,0,0,0,0,0,0,0,0
14,"Algeria",2017,2,0,0,6,30,1,2,0,0,0,0,0,0,0,0,0
15,"Algeria",2017,3,0,1,6,10,0,0,0,0,0,0,0,0,0,0,0
16,"Algeria",2017,4,0,0,3,6,1,2,0,0,0,0,0,0,0,0,0
17,"Algeria",2017,5,0,0,7,13,0,4,0,0,0,0,0,0,0,0,0
18,"Algeria",2017,6,0,0,1,2,2,1,0,0,0,0,0,0,0,0,0
19,"Algeria",2017,7,0,0,4,12,0,2,0,0,0,0,0,0,0,0,0
20,"Algeria",2017,8,0,0,2,2,3,1,0,0,0,0,0,0,0,0,0
21,"Algeria",2017,9,0,1,3,3,0,0,0,0,0,0,0,0,0,0,0
22,"Algeria",2017,10,0,1,4,10,0,0,0,0,0,0,0,0,0,0,0
23,"Algeria",2017,11,0,0,2,2,0,0,0,0,0,0,0,0,0,0,0
24,"Algeria",2017,12,0,0,1,1,0,0,0,0,0,0,0,0,0,0,0
25,"Angola",2017,1,0,0,1,2,0,0,0,0,0,0,0,0,0,0,0
28,"Angola",2017,4,0,0,2,16,0,0,0,0,0,0,0,0,0,0,0
29,"Angola",2017,5,0,0,3,17,0,0,0,0,0,0,0,0,0,0,0
30,"Angola",2017,6,0,1,1,7,1,1,0,0,0,0,0,0,0,0,0
31,"Angola",2017,7,0,1,0,0,0,0,0,0,0,0,0,0,0,0,0
32,"Angola",2017,8,0,0,0,0,0,1,0,0,0,0,0,0,0,0,0
34,"Angola",2017,10,0,0,0,0,0,0,0,0,0,0,0,0,0,0,0
35,"Angola",2017,11,0,0,0,0,0,0,0,0,0,0,0,0,0,0,0
36,"Angola",2017,12,0,0,1,1,0,0,0,0,0,0,0,0,0,0,0
37,"Australia",2017,1,0,0,0,0,0,0,0,0,0,0,0,0,0,0,0
38,"Australia",2017,2,0,0,0,0,0,0,0,0,0,0,0,0,0,0,0
40,"Australia",2017,4,0,0,0,0,1,1,0,0,0,0,0,0,0,0,0
42,"Australia",2017,6,0,0,0,0,2,1,0,0,0,0,0,0,0,0,0
44,"Australia",2017,8,0,0,0,0,0,0,0,0,0,0,0,0,0,0,0
45,"Australia",2017,9,0,0,0,0,0,0,0,0,0,0,0,0,0,0,0
46,"Australia",2017,10,0,0,0,0,0,0,0,0,0,0,0,0,0,0,0
47,"Australia",2017,11,0,0,0,0,0,0,0,0,0,0,0,0,0,0,0
48,"Australia",2017,12,0,0,0,0,1,1,0,0,0,0,0,0,0,0,0
49,"Bahrain",2017,1,0,2,2,1,2,5,0,0,0,0,0,0,1,1,0
51,"Bahrain",2017,3,0,0,0,0,0,2,0,0,0,0,0,0,0,0,0
53,"Bahrain",2017,5,5,5,0,0,0,0,0,0,0,0,0,0,0,0,0
54,"Bahrain",2017,6,0,0,0,0,2,2,0,0,0,0,0,0,0,0,0
55,"Bahrain",2017,7,0,0,0,0,0,0,0,0,0,0,0,0,0,0,0
56,"Bahrain",2017,8,0,0,0,0,0,0,0,0,0,0,0,0,0,0,0
57,"Bahrain",2017,9,0,0,1,3,0,0,0,0,0,0,0,0,0,0,0
58,"Bahrain",2017,10,0,0,0,0,1,2,0,0,0,0,0,0,0,0,0
60,"Bahrain",2017,12,0,0,0,0,0,0,0,0,0,0,0,0,0,0,0
61,"Bangladesh",2017,1,0,0,5,10,1,2,0,0,0,0,0,0,0,0,0
62,"Bangladesh",2017,2,0,4,8,12,2,2,0,0,0,0,0,0,0,0,0
64,"Bangladesh",2017,4,0,2,7,12,1,1,0,0,0,0,0,0,0,0,0
65,"Bangladesh",2017,5,0,0,9,22,2,4,0,0,0,0,0,0,0,0,0
66,"Bangladesh",2017,6,0,0,1,5,5,6,0,0,0,0,0,0,1,1,0
67,"Bangladesh",2017,7,0,0,0,2,0,2,0,0,0,0,0,0,0,0,0
68,"Bangladesh",2017,8,0,1,1,1,0,0,0,0,0,0,0,0,0,0,0
69,"Bangladesh",2017,9,7,0,2,2,0,1,0,0,0,0,0,0,0,0,0
71,"Bangladesh",2017,11,0,1,6,11,0,0,0,0,0,0,0,0,0,0,0
72,"Bangladesh",2017,12,0,2,2,2,1,3,0,0,0,0,0,0,0,0,0
75,"Belgium",2017,3,0,0,0,0,0,0,0,0,0,0,0,0,0,0,0
76,"Belgium",2017,4,0,0,0,0,0,0,0,0,0,0,0,0,0,0,0
77,"Belgium",2017,5,0,0,0,0,0,1,0,0,0,0,0,0,0,0,0
78,"Belgium",2017,6,0,0,0,0,1,1,0,0,0,0,0,0,0,0,0
81,"Belgium",2017,9,0,0,0,0,0,0,0,0,0,0,0,0,0,0,0
82,"Belgium",2017,10,0,0,0,0,0,0,0,0,0,0,0,0,0,0,0
83,"Belgium",2017,11,0,0,0,0,0,0,0,0,0,0,0,0,0,0,0
84,"Belgium",2017,12,0,0,0,0,0,0,0,0,0,0,0,0,0,0,0
87,"Benin",2017,3,0,0,1,4,0,0,0,0,0,0,0,0,0,0,0
88,"Benin",2017,4,0,1,1,1,0,0,0,0,0,0,0,0,0,0,0
89,"Benin",2017,5,0,0,0,0,0,0,0,0,0,0,0,0,0,0,0
90,"Benin",2017,6,0,0,0,0,0,0,0,0,0,0,0,0,0,0,0
91,"Benin",2017,7,0,0,0,0,0,0,0,0,0,0,0,0,0,0,0
92,"Benin",2017,8,0,0,0,0,0,0,0,0,0,0,0,0,0,0,0
93,"Benin",2017,9,0,0,0,0,0,0,0,0,0,0,0,0,0,0,0
94,"Benin",2017,10,0,0,0,0,0,0,0,0,0,0,0,0,0,0,0
95,"Benin",2017,11,0,0,0,0,0,0,0,0,0,0,0,0,0,0,0
96,"Benin",2017,12,0,0,0,0,0,0,0,0,0,0,0,0,0,0,0
97,"Brazil",2017,1,0,0,0,0,0,0,0,0,0,0,0,0,0,0,0
98,"Brazil",2017,2,0,0,0,0,0,1,0,0,0,0,0,0,0,0,0
99,"Brazil",2017,3,1,0,0,0,0,0,0,0,0,0,0,0,0,0,0
100,"Brazil",2017,4,16,0,0,0,0,0,0,0,0,0,0,0,0,0,0
101,"Brazil",2017,5,10,0,0,0,0,0,0,0,0,0,0,0,0,0,0
102,"Brazil",2017,6,0,0,0,0,0,0,0,0,0,0,0,0,0,0,0
103,"Brazil",2017,7,0,0,0,0,0,0,0,0,0,0,0,0,0,0,0
104,"Brazil",2017,8,0,0,0,0,0,0,0,0,0,0,0,0,0,0,0
105,"Brazil",2017,9,0,0,0,0,0,0,0,0,0,0,0,0,0,0,0
108,"Brazil",2017,12,0,0,0,0,0,0,0,0,0,0,0,0,0,0,0
110,"Burkina Faso",2017,2,0,0,2,0,0,2,0,0,0,0,0,0,0,0,0
111,"Burkina Faso",2017,3,2,0,2,1,3,2,0,0,0,0,0,0,0,0,0
113,"Burkina Faso",2017,5,0,0,2,5,0,0,0,0,0,0,0,0,0,0,0
114,"Burkina Faso",2017,6,0,0,0,0,5,3,0,0,0,0,0,0,0,0,0
115,"Burkina Faso",2017,7,5,0,4,6,5,3,0,0,0,0,0,0,0,0,0
116,"Burkina Faso",2017,8,18,0,2,4,22,2,0,0,0,0,0,0,0,0,0
117,"Burkina Faso",2017,9,0,0,3,4,2,2,0,0,0,0,0,0,0,0,0
118,"Burkina Faso",2017,10,0,0,3,0,0,3,0,0,0,0,0,0,0,0,0
119,"Burkina Faso",2017,11,5,0,5,11,8,6,0,0,0,0,0,0,1,1,0
120,"Burkina Faso",2017,12,0,0,3,5,0,0,0,0,0,0,0,0,0,0,0
121,"Burundi",2017,1,0,0,0,0,1,2,0,0,0,0,0,0,0,0,0
122,"Burundi",2017,2,0,0,0,0,0,0,0,0,0,0,0,0,0,0,0
123,"Burundi",2017,3,0,0,0,0,0,0,0,0,0,0,0,0,0,0,0
124,"Burundi",2017,4,0,0,1,0,1,4,0,0,0,0,0,0,0,0,0
125,"Burundi",2017,5,3,0,1,1,4,4,0,0,0,0,0,0,0,0,0
126,"Burundi",2017,6,0,3,2,3,1,1,0,0,0,0,0,0,0,0,0
127,"Burundi",2017,7,15,0,1,1,8,3,0,0,0,0,0,0,0,0,0
128,"Burundi",2017,8,0,0,2,1,5,4,0,0,0,0,0,0,0,0,0
129,"Burundi",2017,9,0,0,0,0,0,0,0,0,0,0,0,0,0,0,0
131,"Burundi",2017,11,0,0,0,0,0,0,0,0,0,0,0,0,0,0,0
132,"Burundi",2017,12,0,0,3,3,0,1,0,0,0,0,0,0,0,0,0
135,"Cameroon",2017,3,0,0,4,11,0,2,0,0,0,0,0,0,0,0,0
136,"Cameroon",2017,4,0,0,5,16,13,5,0,0,0,0,0,0,1,1,0
137,"Cameroon",2017,5,0,0,6,8,3,3,0,0,0,0,0,0,0,0,0
138,"Cameroon",2017,6,17,0,6,15,39,12,0,0,0,0,0,0,1,1,0
139,"Cameroon",2017,7,12,0,6,14,31,6,0,0,0,0,0,0,1,1,0
140,"Cameroon",2017,8,23,0,8,32,29,5,0,0,0,0,0,0,1,1,0
141,"Cameroon",2017,9,10,9,6,18,18,11,0,0,0,0,0,0,1,1,0
142,"Cameroon",2017,10,11,38,4,2,18,7,0,1,0,0,0,0,1,1,0
143,"Cameroon",2017,11,5,0,7,28,10,11,0,0,0,0,0,0,1,1,0
148,"Canada",2017,4,0,0,0,0,0,2,0,0,0,0,0,0,0,0,0
149,"Canada",2017,5,0,0,0,0,0,1,0,0,0,0,0,0,0,0,0
150,"Canada",2017,6,0,0,0,0,0,1,0,0,0,0,0,0,0,0,0
151,"Canada",2017,7,0,0,0,0,0,1,0,0,0,0,0,0,0,0,0
153,"Canada",2017,9,0,0,0,0,0,3,0,0,0,0,0,0,0,0,0
154,"Canada",2017,10,0,0,0,0,0,0,0,0,0,0,0,0,0,0,0
155,"Canada",2017,11,0,0,0,0,0,0,0,0,0,0,0,0,0,0,0
157,"Central African Republic",2017,1,0,0,2,6,5,3,0,0,0,0,0,0,0,0,0
158,"Central African Republic",2017,2,32,0,7,31,30,7,0,0,0,0,0,0,1,1,0
160,"Central African Republic",2017,4,0,0,2,8,0,0,0,0,0,0,0,0,0,0,0
161,"Central African Republic",2017,5,132,0,23,239,262,5,1,0,0,0,1,1,1,1,1
162,"Central African Republic",2017,6,101,0,11,163,7,3,1,0,0,0,1,0,0,0,1
163,"Central African Republic",2017,7,0,0,15,84,19,6,0,0,0,0,0,0,1,1,0
164,"Central African Republic",2017,8,40,0,19,238,30,1,0,0,0,0,1,0,0,0,1
165,"Central African Republic",2017,9,7,0,5,42,0,1,0,0,0,0,0,0,0,0,0
166,"Central African Republic",2017,10,46,0,8,155,26,1,0,0,0,0,1,0,0,0,1
167,"Central African Republic",2017,11,7,0,10,95,5,2,0,0,0,0,0,0,0,0,0
168,"Central African Republic",2017,12,10,2,11,113,2,2,0,0,0,0,1,0,0,0,1
169,"Chad",2017,1,0,0,0,0,0,0,0,0,0,0,0,0,0,0,0
170,"Chad",2017,2,0,2,1,6,0,0,0,0,0,0,0,0,0,0,0
172,"Chad",2017,4,10,0,1,10,0,0,0,0,0,0,0,0,0,0,0
174,"Chad",2017,6,0,0,3,170,0,0,0,0,0,0,1,0,0,0,1
176,"Chad",2017,8,0,0,1,10,0,0,0,0,0,0,0,0,0,0,0
177,"Chad",2017,9,0,0,0,0,0,0,0,0,0,0,0,0,0,0,0
178,"Chad",2017,10,0,0,2,21,0,0,0,0,0,0,0,0,0,0,0
179,"Chad",2017,11,0,0,0,0,1,1,0,0,0,0,0,0,0,0,0
180,"Chad",2017,12,15,0,2,25,12,1,0,0,0,0,0,0,0,0,0
182,"China",2017,2,5,0,0,0,8,1,0,0,0,0,0,0,0,0,0
183,"China",2017,3,0,0,0,0,0,0,0,0,0,0,0,0,0,0,0
184,"China",2017,4,0,0,0,0,0,0,0,0,0,0,0,0,0,0,0
185,"China",2017,5,0,0,0,0,0,0,0,0,0,0,0,0,0,0,0
186,"China",2017,6,8,0,0,0,8,1,0,0,0,0,0,0,0,0,0
187,"China",2017,7,0,0,0,0,0,0,0,0,0,0,0,0,0,0,0
188,"China",2017,8,0,0,0,0,0,0,0,0,0,0,0,0,0,0,0
190,"China",2017,10,0,0,0,0,0,2,0,0,0,0,0,0,0,0,0
191,"China",2017,11,0,0,0,0,0,0,0,0,0,0,0,0,0,0,0
192,"China",2017,12,0,0,0,0,0,0,0,0,0,0,0,0,0,0,0
193,"Colombia",2017,1,0,0,0,0,4,15,0,0,0,0,0,0,1,1,0
194,"Colombia",2017,2,0,0,0,0,1,7,0,0,0,0,0,0,1,1,0
195,"Colombia",2017,3,0,0,0,0,10,10,0,0,0,0,0,0,1,1,0
196,"Colombia",2017,4,0,0,0,0,4,7,0,0,0,0,0,0,1,1,0
198,"Colombia",2017,6,0,0,0,0,8,11,0,0,0,0,0,0,1,1,0
199,"Colombia",2017,7,0,0,0,0,1,9,0,0,0,0,0,0,1,1,0
202,"Colombia",2017,10,12,0,0,0,11,10,0,0,0,0,0,0,1,1,0
203,"Colombia",2017,11,0,0,0,0,4,2,0,0,0,0,0,0,0,0,0
204,"Colombia",2017,12,0,0,0,0,5,5,0,0,0,0,0,0,1,1,0
205,"Cote d'Ivoire",2017,1,0,0,2,5,0,0,0,0,0,0,0,0,0,0,0
206,"Cote d'Ivoire",2017,2,0,0,1,0,0,0,0,0,0,0,0,0,0,0,0
207,"Cote d'Ivoire",2017,3,0,0,2,1,0,0,0,0,0,0,0,0,0,0,0
208,"Cote d'Ivoire",2017,4,0,0,1,1,0,0,0,0,0,0,0,0,0,0,0
209,"Cote d'Ivoire",2017,5,6,5,2,0,0,0,0,0,0,0,0,0,0,0,0
210,"Cote d'Ivoire",2017,6,0,0,0,0,0,0,0,0,0,0,0,0,0,0,0
211,"Cote d'Ivoire",2017,7,0,0,5,4,0,5,0,0,0,0,0,0,1,1,0
213,"Cote d'Ivoire",2017,9,0,0,1,0,0,1,0,0,0,0,0,0,0,0,0
214,"Cote d'Ivoire",2017,10,0,0,1,10,0,0,0,0,0,0,0,0,0,0,0
215,"Cote d'Ivoire",2017,11,0,0,0,0,0,0,0,0,0,0,0,0,0,0,0
216,"Cote d'Ivoire",2017,12,0,0,1,0,0,0,0,0,0,0,0,0,0,0,0
217,"DRC",2017,1,39,0,14,50,5,8,0,0,0,0,0,0,1,1,0
218,"DRC",2017,2,60,0,24,188,80,10,0,0,0,0,1,1,1,1,1
220,"DRC",2017,4,57,6,33,260,10,6,0,0,0,1,1,0,1,1,0
221,"DRC",2017,5,9,0,20,95,68,10,0,0,0,0,0,1,1,1,0
224,"DRC",2017,8,68,0,28,122,72,8,0,0,0,1,1,1,1,1,0
226,"DRC",2017,10,54,5,48,102,43,7,0,0,0,1,1,0,1,1,0
227,"DRC",2017,11,15,2,23,38,12,4,0,0,0,0,0,0,0,0,0
228,"DRC",2017,12,110,0,39,112,36,12,1,0,0,1,1,0,1,1,0
230,"Egypt",2017,2,0,0,10,23,16,21,0,0,0,0,0,0,1,1,0
231,"Egypt",2017,3,0,0,12,59,17,20,0,0,0,0,0,0,1,1,0
234,"Egypt",2017,6,0,0,5,23,9,8,0,0,0,0,0,0,1,1,0
236,"Egypt",2017,8,0,0,15,54,25,14,0,0,0,0,0,0,1,1,0
238,"Egypt",2017,10,0,0,13,123,33,13,0,0,0,0,1,0,1,1,1
239,"Egypt",2017,11,313,0,11,54,327,9,1,0,0,0,0,1,1,1,0
240,"Egypt",2017,12,10,0,12,62,23,10,0,0,0,0,0,0,1,1,0
242,"Eritrea",2017,2,0,0,0,0,0,0,0,0,0,0,0,0,0,0,0
243,"Eritrea",2017,3,0,0,0,0,0,0,0,0,0,0,0,0,0,0,0
244,"Eritrea",2017,4,0,0,0,0,0,0,0,0,0,0,0,0,0,0,0
246,"Eritrea",2017,6,0,0,0,0,0,0,0,0,0,0,0,0,0,0,0
247,"Eritrea",2017,7,0,0,0,0,0,0,0,0,0,0,0,0,0,0,0
248,"Eritrea",2017,8,0,0,0,0,0,0,0,0,0,0,0,0,0,0,0
249,"Eritrea",2017,9,0,0,0,0,0,0,0,0,0,0,0,0,0,0,0
250,"Eritrea",2017,10,28,0,0,0,0,0,0,0,0,0,0,0,0,0,0
251,"Eritrea",2017,11,0,0,0,0,0,0,0,0,0,0,0,0,0,0,0
252,"Eritrea",2017,12,0,0,0,0,0,0,0,0,0,0,0,0,0,0,0
254,"Ethiopia",2017,2,0,0,17,116,12,2,0,0,0,0,1,0,0,0,1
256,"Ethiopia",2017,4,0,1,19,39,2,5,0,0,0,0,0,0,1,1,0
258,"Ethiopia",2017,6,0,2,12,22,1,2,0,0,0,0,0,0,0,0,0
259,"Ethiopia",2017,7,8,2,13,42,0,0,0,0,0,0,0,0,0,0,0
260,"Ethiopia",2017,8,0,0,13,33,1,3,0,0,0,0,0,0,0,0,0
261,"Ethiopia",2017,9,74,1,15,219,0,0,0,0,0,0,1,0,0,0,1
262,"Ethiopia",2017,10,14,57,5,16,0,0,0,1,0,0,0,0,0,0,0
264,"Ethiopia",2017,12,29,42,19,94,1,1,0,1,0,0,0,0,0,0,0
265,"France",2017,1,0,0,0,0,0,1,0,0,0,0,0,0,0,0,0
266,"France",2017,2,0,0,0,0,0,1,0,0,0,0,0,0,0,0,0
267,"France",2017,3,0,0,0,0,1,5,0,0,0,0,0,0,1,1,0
268,"France",2017,4,0,0,0,0,2,5,0,0,0,0,0,0,1,1,0
269,"France",2017,5,0,0,0,0,0,5,0,0,0,0,0,0,1,1,0
270,"France",2017,6,0,0,0,0,1,5,0,0,0,0,0,0,1,1,0
271,"France",2017,7,0,0,0,0,0,2,0,0,0,0,0,0,0,0,0
274,"France",2017,10,0,0,0,0,3,3,0,0,0,0,0,0,0,0,0
276,"France",2017,12,0,0,0,0,0,0,0,0,0,0,0,0,0,0,0
277,"Gambia",2017,1,0,0,0,0,0,0,0,0,0,0,0,0,0,0,0
278,"Gambia",2017,2,0,0,0,0,0,0,0,0,0,0,0,0,0,0,0
279,"Gambia",2017,3,0,0,0,0,0,0,0,0,0,0,0,0,0,0,0
280,"Gambia",2017,4,0,0,0,0,0,0,0,0,0,0,0,0,0,0,0
281,"Gambia",2017,5,0,0,0,0,0,0,0,0,0,0,0,0,0,0,0
282,"Gambia",2017,6,0,2,0,0,0,0,0,0,0,0,0,0,0,0,0
283,"Gambia",2017,7,0,0,0,0,0,0,0,0,0,0,0,0,0,0,0
284,"Gambia",2017,8,0,0,0,0,0,0,0,0,0,0,0,0,0,0,0
285,"Gambia",2017,9,0,0,0,0,0,0,0,0,0,0,0,0,0,0,0
286,"Gambia",2017,10,0,0,0,0,0,0,0,0,0,0,0,0,0,0,0
287,"Gambia",2017,11,0,0,0,0,0,0,0,0,0,0,0,0,0,0,0
288,"Gambia",2017,12,0,0,0,0,0,0,0,0,0,0,0,0,0,0,0
289,"Georgia",2017,1,0,0,0,0,0,0,0,0,0,0,0,0,0,0,0
290,"Georgia",2017,2,0,0,0,0,0,0,0,0,0,0,0,0,0,0,0
291,"Georgia",2017,3,0,0,0,0,0,0,0,0,0,0,0,0,0,0,0
292,"Georgia",2017,4,0,0,0,0,0,0,0,0,0,0,0,0,0,0,0
293,"Georgia",2017,5,0,0,0,0,0,0,0,0,0,0,0,0,0,0,0
296,"Georgia",2017,8,0,0,0,0,0,0,0,0,0,0,0,0,0,0,0
297,"Georgia",2017,9,0,0,0,0,0,0,0,0,0,0,0,0,0,0,0
298,"Georgia",2017,10,0,0,0,0,0,0,0,0,0,0,0,0,0,0,0
299,"Georgia",2017,11,0,0,0,0,0,0,0,0,0,0,0,0,0,0,0
300,"Georgia",2017,12,2,0,0,0,0,0,0,0,0,0,0,0,0,0,0
301,"Germany",2017,1,0,0,0,0,0,0,0,0,0,0,0,0,0,0,0
302,"Germany",2017,2,0,0,0,0,0,1,0,0,0,0,0,0,0,0,0
305,"Germany",2017,5,0,0,0,0,0,0,0,0,0,0,0,0,0,0,0
306,"Germany",2017,6,0,0,0,0,0,11,0,0,0,0,0,0,1,1,0
308,"Germany",2017,8,0,0,0,0,0,1,0,0,0,0,0,0,0,0,0
309,"Germany",2017,9,0,0,0,0,0,0,0,0,0,0,0,0,0,0,0
310,"Germany",2017,10,0,0,0,0,0,0,0,0,0,0,0,0,0,0,0
311,"Germany",2017,11,0,0,0,0,0,1,0,0,0,0,0,0,0,0,0
312,"Germany",2017,12,0,0,0,0,0,2,0,0,0,0,0,0,0,0,0
313,"Ghana",2017,1,0,0,0,0,0,0,0,0,0,0,0,0,0,0,0
314,"Ghana",2017,2,10,0,2,11,0,0,0,0,0,0,0,0,0,0,0
315,"Ghana",2017,3,0,1,2,1,0,0,0,0,0,0,0,0,0,0,0
316,"Ghana",2017,4,0,0,1,2,0,0,0,0,0,0,0,0,0,0,0
318,"Ghana",2017,6,0,2,0,0,0,0,0,0,0,0,0,0,0,0,0
319,"Ghana",2017,7,0,1,0,0,0,0,0,0,0,0,0,0,0,0,0
322,"Ghana",2017,10,0,0,1,12,0,0,0,0,0,0,0,0,0,0,0
323,"Ghana",2017,11,0,0,1,0,0,0,0,0,0,0,0,0,0,0,0
325,"Greece",2017,1,0,0,0,0,0,8,0,0,0,0,0,0,1,1,0
326,"Greece",2017,2,0,0,0,0,0,4,0,0,0,0,0,0,0,0,0
327,"Greece",2017,3,0,0,0,0,0,8,0,0,0,0,0,0,1,1,0
328,"Greece",2017,4,0,0,0,0,0,1,0,0,0,0,0,0,0,0,0
329,"Greece",2017,5,0,0,0,0,0,2,0,0,0,0,0,0,0,0,0
330,"Greece",2017,6,0,0,0,0,0,1,0,0,0,0,0,0,0,0,0
331,"Greece",2017,7,0,0,0,0,0,1,0,0,0,0,0,0,0,0,0
332,"Greece",2017,8,0,0,0,0,0,1,0,0,0,0,0,0,0,0,0
333,"Greece",2017,9,0,0,0,0,0,0,0,0,0,0,0,0,0,0,0
334,"Greece",2017,10,0,0,0,0,0,5,0,0,0,0,0,0,1,1,0
335,"Greece",2017,11,0,0,0,0,0,5,0,0,0,0,0,0,1,1,0
336,"Greece",2017,12,0,0,0,0,0,7,0,0,0,0,0,0,1,1,0
337,"Guatemala",2017,1,0,0,0,0,0,0,0,0,0,0,0,0,0,0,0
338,"Guatemala",2017,2,0,0,0,0,0,0,0,0,0,0,0,0,0,0,0
339,"Guatemala",2017,3,0,0,0,0,0,0,0,0,0,0,0,0,0,0,0
340,"Guatemala",2017,4,0,0,0,0,0,0,0,0,0,0,0,0,0,0,0
341,"Guatemala",2017,5,0,0,0,0,0,0,0,0,0,0,0,0,0,0,0
342,"Guatemala",2017,6,0,0,0,0,0,0,0,0,0,0,0,0,0,0,0
344,"Guatemala",2017,8,5,0,0,0,0,0,0,0,0,0,0,0,0,0,0
345,"Guatemala",2017,9,0,0,0,0,0,0,0,0,0,0,0,0,0,0,0
346,"Guatemala",2017,10,0,0,0,0,0,0,0,0,0,0,0,0,0,0,0
347,"Guatemala",2017,11,0,0,0,0,0,0,0,0,0,0,0,0,0,0,0
348,"Guatemala",2017,12,0,0,0,0,0,0,0,0,0,0,0,0,0,0,0
350,"Guinea",2017,2,5,8,0,0,0,0,0,0,0,0,0,0,0,0,0
351,"Guinea",2017,3,0,1,0,0,0,0,0,0,0,0,0,0,0,0,0
352,"Guinea",2017,4,0,1,0,0,0,0,0,0,0,0,0,0,0,0,0
353,"Guinea",2017,5,0,3,0,0,0,0,0,0,0,0,0,0,0,0,0
354,"Guinea",2017,6,0,1,2,0,0,0,0,0,0,0,0,0,0,0,0
355,"Guinea",2017,7,0,0,0,0,0,0,0,0,0,0,0,0,0,0,0
356,"Guinea",2017,8,0,0,0,0,0,0,0,0,0,0,0,0,0,0,0
357,"Guinea",2017,9,0,3,0,0,0,0,0,0,0,0,0,0,0,0,0
359,"Guinea",2017,11,17,2,1,22,0,0,0,0,0,0,0,0,0,0,0
360,"Guinea",2017,12,0,1,0,0,0,0,0,0,0,0,0,0,0,0,0
363,"Haiti",2017,3,0,0,0,0,0,0,0,0,0,0,0,0,0,0,0
364,"Haiti",2017,4,0,0,0,0,0,0,0,0,0,0,0,0,0,0,0
365,"Haiti",2017,5,0,0,0,0,0,0,0,0,0,0,0,0,0,0,0
366,"Haiti",2017,6,0,0,0,0,0,0,0,0,0,0,0,0,0,0,0
367,"Haiti",2017,7,0,0,0,0,0,0,0,0,0,0,0,0,0,0,0
369,"Haiti",2017,9,0,0,0,0,0,0,0,0,0,0,0,0,0,0,0
370,"Haiti",2017,10,0,0,0,0,0,0,0,0,0,0,0,0,0,0,0
371,"Haiti",2017,11,7,0,0,0,0,0,0,0,0,0,0,0,0,0,0
372,"Haiti",2017,12,0,0,0,0,0,0,0,0,0,0,0,0,0,0,0
373,"Honduras",2017,1,0,0,0,0,0,0,0,0,0,0,0,0,0,0,0
374,"Honduras",2017,2,7,0,0,0,0,0,0,0,0,0,0,0,0,0,0
375,"Honduras",2017,3,0,0,0,0,0,0,0,0,0,0,0,0,0,0,0
376,"Honduras",2017,4,0,0,0,0,0,0,0,0,0,0,0,0,0,0,0
377,"Honduras",2017,5,0,0,0,0,2,1,0,0,0,0,0,0,0,0,0
378,"Honduras",2017,6,0,0,0,0,0,0,0,0,0,0,0,0,0,0,0
379,"Honduras",2017,7,0,0,0,0,0,0,0,0,0,0,0,0,0,0,0
380,"Honduras",2017,8,0,0,0,0,0,0,0,0,0,0,0,0,0,0,0
381,"Honduras",2017,9,0,0,0,0,0,0,0,0,0,0,0,0,0,0,0
382,"Honduras",2017,10,0,0,0,0,0,0,0,0,0,0,0,0,0,0,0
384,"Honduras",2017,12,0,0,0,0,0,0,0,0,0,0,0,0,0,0,0
385,"India",2017,1,0,4,52,51,68,69,0,0,1,1,0,1,1,1,0
386,"India",2017,2,0,1,44,62,29,70,0,0,0,1,0,0,1,1,0
387,"India",2017,3,0,12,38,58,33,91,0,1,0,1,0,0,1,1,0
389,"India",2017,5,0,4,52,91,33,93,0,0,1,1,0,0,1,1,0
390,"India",2017,6,0,20,70,94,29,83,0,1,1,1,0,0,1,1,0
391,"India",2017,7,7,10,43,49,17,80,0,1,0,1,0,0,1,1,0
392,"India",2017,8,0,38,40,58,27,63,0,1,0,1,0,0,1,1,0
393,"India",2017,9,2,1,49,64,22,57,0,0,0,1,0,0,1,1,0
394,"India",2017,10,0,2,27,40,30,89,0,0,0,1,0,0,1,1,0
395,"India",2017,11,1,0,34,55,23,54,0,0,0,1,0,0,1,1,0
396,"India",2017,12,0,2,38,58,28,62,0,0,0,1,0,0,1,1,0
397,"Indonesia",2017,1,0,0,0,0,0,0,0,0,0,0,0,0,0,0,0
398,"Indonesia",2017,2,0,0,1,1,1,1,0,0,0,0,0,0,0,0,0
400,"Indonesia",2017,4,0,0,1,6,6,4,0,0,0,0,0,0,0,0,0
401,"Indonesia",2017,5,0,0,2,2,5,2,0,0,0,0,0,0,0,0,0
402,"Indonesia",2017,6,0,0,2,2,3,2,0,0,0,0,0,0,0,0,0
403,"Indonesia",2017,7,0,1,0,0,0,1,0,0,0,0,0,0,0,0,0
404,"Indonesia",2017,8,0,0,0,0,1,1,0,0,0,0,0,0,0,0,0
405,"Indonesia",2017,9,0,0,0,0,0,3,0,0,0,0,0,0,0,0,0
406,"Indonesia",2017,10,0,0,5,3,0,4,0,0,0,0,0,0,0,0,0
407,"Indonesia",2017,11,0,0,2,3,3,7,0,0,0,0,0,0,1,1,0
408,"Indonesia",2017,12,0,0,0,0,1,2,0,0,0,0,0,0,0,0,0
409,"Iran",2017,1,0,0,0,0,0,0,0,0,0,0,0,0,0,0,0
410,"Iran",2017,2,0,0,2,2,0,0,0,0,0,0,0,0,0,0,0
411,"Iran",2017,3,0,0,3,6,0,0,0,0,0,0,0,0,0,0,0
413,"Iran",2017,5,0,0,2,4,2,1,0,0,0,0,0,0,0,0,0
414,"Iran",2017,6,35,0,7,65,17,2,0,0,0,0,0,0,0,0,0
415,"Iran",2017,7,0,0,4,9,3,1,0,0,0,0,0,0,0,0,0
416,"Iran",2017,8,0,0,2,4,0,0,0,0,0,0,0,0,0,0,0
417,"Iran",2017,9,0,0,0,0,0,1,0,0,0,0,0,0,0,0,0
418,"Iran",2017,10,0,0,3,7,0,0,0,0,0,0,0,0,0,0,0
419,"Iran",2017,11,0,0,1,18,0,0,0,0,0,0,0,0,0,0,0
422,"Iraq",2017,2,100,5,93,768,320,209,1,0,1,1,1,1,1,1,0
423,"Iraq",2017,3,34,0,225,2048,629,186,0,0,1,1,1,1,1,1,0
424,"Iraq",2017,4,78,0,147,1606,386,163,0,0,1,1,1,1,1,1,0
425,"Iraq",2017,5,70,0,208,1969,458,186,0,0,1,1,1,1,1,1,0
426,"Iraq",2017,6,316,1,130,1877,234,935,1,0,1,1,1,1,1,1,0
427,"Iraq",2017,7,16,0,122,872,298,155,0,0,1,1,1,1,1,1,0
428,"Iraq",2017,8,16,0,150,835,126,155,0,0,1,1,1,1,1,1,0
429,"Iraq",2017,9,84,0,94,1101,340,145,0,0,1,1,1,1,1,1,0
430,"Iraq",2017,10,10,0,148,752,125,128,0,0,1,1,1,1,1,1,0
431,"Iraq",2017,11,42,0,82,458,155,133,0,0,1,1,1,1,1,1,0
432,"Iraq",2017,12,2,5,96,279,144,108,0,0,1,1,1,1,1,1,0
433,"Ireland",2017,1,0,0,0,0,0,0,0,0,0,0,0,0,0,0,0
434,"Ireland",2017,2,0,0,0,0,0,3,0,0,0,0,0,0,0,0,0
436,"Ireland",2017,4,0,0,0,0,0,0,0,0,0,0,0,0,0,0,0
438,"Ireland",2017,6,0,0,0,0,0,2,0,0,0,0,0,0,0,0,0
439,"Ireland",2017,7,0,0,0,0,0,0,0,0,0,0,0,0,0,0,0
440,"Ireland",2017,8,0,0,0,0,0,2,0,0,0,0,0,0,0,0,0
441,"Ireland",2017,9,0,0,0,0,3,3,0,0,0,0,0,0,0,0,0
442,"Ireland",2017,10,0,0,0,0,3,1,0,0,0,0,0,0,0,0,0
443,"Ireland",2017,11,0,0,0,0,3,3,0,0,0,0,0,0,0,0,0
444,"Ireland",2017,12,0,0,0,0,3,3,0,0,0,0,0,0,0,0,0
445,"Israel",2017,1,0,2,0,0,0,2,0,0,0,0,0,0,0,0,0
448,"Israel",2017,4,0,0,0,0,0,2,0,0,0,0,0,0,0,0,0
449,"Israel",2017,5,0,0,1,1,1,3,0,0,0,0,0,0,0,0,0
451,"Israel",2017,7,0,0,0,0,0,4,0,0,0,0,0,0,0,0,0
455,"Israel",2017,11,0,0,1,1,0,0,0,0,0,0,0,0,0,0,0
457,"Israel (Palestinian Territories)",2017,1,0,2,0,0,3,7,0,0,0,0,0,0,1,1,0
458,"Israel (Palestinian Territories)",2017,2,0,0,0,0,0,3,0,0,0,0,0,0,0,0,0
459,"Israel (Palestinian Territories)",2017,3,0,1,2,3,4,8,0,0,0,0,0,0,1,1,0
460,"Israel (Palestinian Territories)",2017,4,0,0,0,0,5,6,0,0,0,0,0,0,1,1,0
461,"Israel (Palestinian Territories)",2017,5,0,3,0,0,2,4,0,0,0,0,0,0,0,0,0
462,"Israel (Palestinian Territories)",2017,6,0,2,0,0,4,4,0,0,0,0,0,0,0,0,0
464,"Israel (Palestinian Territories)",2017,8,0,1,0,0,3,6,0,0,0,0,0,0,1,1,0
465,"Israel (Palestinian Territories)",2017,9,0,0,0,0,4,5,0,0,0,0,0,0,1,1,0
466,"Israel (Palestinian Territories)",2017,10,0,0,0,0,0,3,0,0,0,0,0,0,0,0,0
467,"Israel (Palestinian Territories)",2017,11,0,0,1,0,1,2,0,0,0,0,0,0,0,0,0
468,"Israel (Palestinian Territories)",2017,12,0,9,2,0,3,4,0,0,0,0,0,0,0,0,0
469,"Jamaica",2017,1,0,0,0,0,0,0,0,0,0,0,0,0,0,0,0
470,"Jamaica",2017,2,0,0,0,0,0,0,0,0,0,0,0,0,0,0,0
471,"Jamaica",2017,3,0,0,0,0,0,0,0,0,0,0,0,0,0,0,0
472,"Jamaica",2017,4,0,0,0,0,0,0,0,0,0,0,0,0,0,0,0
473,"Jamaica",2017,5,0,0,0,0,0,0,0,0,0,0,0,0,0,0,0
475,"Jamaica",2017,7,0,0,0,0,0,0,0,0,0,0,0,0,0,0,0
476,"Jamaica",2017,8,0,0,0,0,0,0,0,0,0,0,0,0,0,0,0
477,"Jamaica",2017,9,0,0,0,0,0,1,0,0,0,0,0,0,0,0,0
478,"Jamaica",2017,10,0,0,0,0,0,1,0,0,0,0,0,0,0,0,0
479,"Jamaica",2017,11,0,0,0,0,0,0,0,0,0,0,0,0,0,0,0
481,"Jordan",2017,1,0,0,1,1,0,0,0,0,0,0,0,0,0,0,0
482,"Jordan",2017,2,0,0,0,0,1,1,0,0,0,0,0,0,0,0,0
484,"Jordan",2017,4,0,0,0,0,0,0,0,0,0,0,0,0,0,0,0
485,"Jordan",2017,5,0,0,1,0,0,0,0,0,0,0,0,0,0,0,0
486,"Jordan",2017,6,0,0,0,0,0,0,0,0,0,0,0,0,0,0,0
487,"Jordan",2017,7,0,0,0,0,0,0,0,0,0,0,0,0,0,0,0
488,"Jordan",2017,8,0,0,0,0,0,6,0,0,0,0,0,0,1,1,0
489,"Jordan",2017,9,0,0,0,0,0,0,0,0,0,0,0,0,0,0,0
490,"Jordan",2017,10,0,0,0,0,0,0,0,0,0,0,0,0,0,0,0
491,"Jordan",2017,11,0,0,0,0,0,0,0,0,0,0,0,0,0,0,0
492,"Jordan",2017,12,0,0,0,0,0,0,0,0,0,0,0,0,0,0,0
493,"Kenya",2017,1,0,0,4,6,3,3,0,0,0,0,0,0,0,0,0
495,"Kenya",2017,3,29,1,13,27,2,3,0,0,0,0,0,0,0,0,0
496,"Kenya",2017,4,0,3,11,23,0,1,0,0,0,0,0,0,0,0,0
497,"Kenya",2017,5,0,4,7,33,32,12,0,0,0,0,0,0,1,1,0
498,"Kenya",2017,6,0,1,6,14,20,7,0,0,0,0,0,0,1,1,0
499,"Kenya",2017,7,0,0,12,26,18,14,0,0,0,0,0,0,1,1,0
500,"Kenya",2017,8,0,54,10,12,23,17,0,1,0,0,0,0,1,1,0
502,"Kenya",2017,10,8,21,8,22,4,8,0,1,0,0,0,0,1,1,0
503,"Kenya",2017,11,5,27,8,31,2,3,0,1,0,0,0,0,0,0,0
504,"Kenya",2017,12,0,0,3,4,10,9,0,0,0,0,0,0,1,1,0
506,"Kosovo",2017,2,0,0,0,0,0,0,0,0,0,0,0,0,0,0,0
507,"Kosovo",2017,3,0,0,0,0,0,1,0,0,0,0,0,0,0,0,0
508,"Kosovo",2017,4,0,0,0,0,0,1,0,0,0,0,0,0,0,0,0
509,"Kosovo",2017,5,0,0,0,0,0,1,0,0,0,0,0,0,0,0,0
511,"Kosovo",2017,7,0,0,0,0,0,1,0,0,0,0,0,0,0,0,0
514,"Kosovo",2017,10,0,0,0,0,0,0,0,0,0,0,0,0,0,0,0
515,"Kosovo",2017,11,0,0,0,0,0,2,0,0,0,0,0,0,0,0,0
516,"Kosovo",2017,12,0,0,0,0,0,0,0,0,0,0,0,0,0,0,0
517,"Lebanon",2017,1,0,0,3,20,0,5,0,0,0,0,0,0,1,1,0
518,"Lebanon",2017,2,0,0,7,6,0,1,0,0,0,0,0,0,0,0,0
519,"Lebanon",2017,3,0,0,5,7,0,1,0,0,0,0,0,0,0,0,0
520,"Lebanon",2017,4,0,0,11,12,5,1,0,0,0,0,0,0,0,0,0
522,"Lebanon",2017,6,0,0,3,6,0,2,0,0,0,0,0,0,0,0,0
523,"Lebanon",2017,7,0,0,21,162,4,2,0,0,0,0,1,0,0,0,1
524,"Lebanon",2017,8,0,0,20,36,3,3,0,0,0,0,0,0,0,0,0
525,"Lebanon",2017,9,0,0,1,0,0,0,0,0,0,0,0,0,0,0,0
526,"Lebanon",2017,10,0,0,4,2,0,0,0,0,0,0,0,0,0,0,0
527,"Lebanon",2017,11,0,0,4,1,0,1,0,0,0,0,0,0,0,0,0
528,"Lebanon",2017,12,0,0,0,0,0,1,0,0,0,0,0,0,0,0,0
529,"Liberia",2017,1,0,1,0,0,0,0,0,0,0,0,0,0,0,0,0
530,"Liberia",2017,2,0,2,3,0,0,0,0,0,0,0,0,0,0,0,0
531,"Liberia",2017,3,0,0,0,0,0,0,0,0,0,0,0,0,0,0,0
532,"Liberia",2017,4,0,3,1,0,0,0,0,0,0,0,0,0,0,0,0
533,"Liberia",2017,5,0,0,0,0,0,0,0,0,0,0,0,0,0,0,0
534,"Liberia",2017,6,0,0,0,0,0,0,0,0,0,0,0,0,0,0,0
535,"Liberia",2017,7,0,0,0,0,0,0,0,0,0,0,0,0,0,0,0
536,"Liberia",2017,8,0,0,0,0,0,0,0,0,0,0,0,0,0,0,0
538,"Liberia",2017,10,0,0,0,0,0,1,0,0,0,0,0,0,0,0,0
539,"Liberia",2017,11,0,0,0,0,0,9,0,0,0,0,0,0,1,1,0
540,"Liberia",2017,12,0,0,0,0,0,0,0,0,0,0,0,0,0,0,0
541,"Libya",2017,1,0,0,24,79,4,13,0,0,0,0,0,0,1,1,0
543,"Libya",2017,3,22,0,35,126,13,16,0,0,0,1,1,0,1,1,0
544,"Libya",2017,4,0,0,14,26,15,16,0,0,0,0,0,0,1,1,0
545,"Libya",2017,5,6,0,23,247,153,17,0,0,0,0,1,1,1,1,1
548,"Libya",2017,8,0,0,14,65,13,8,0,0,0,0,0,0,1,1,0
549,"Libya",2017,9,4,0,30,37,6,10,0,0,0,1,0,0,1,1,0
550,"Libya",2017,10,53,0,33,42,10,9,0,0,0,1,0,0,1,1,0
552,"Libya",2017,12,0,0,15,34,1,4,0,0,0,0,0,0,0,0,0
553,"Madagascar",2017,1,0,0,4,11,0,0,0,0,0,0,0,0,0,0,0
555,"Madagascar",2017,3,0,0,6,6,0,0,0,0,0,0,0,0,0,0,0
556,"Madagascar",2017,4,0,0,2,0,0,0,0,0,0,0,0,0,0,0,0
559,"Madagascar",2017,7,0,0,7,9,0,0,0,0,0,0,0,0,0,0,0
560,"Madagascar",2017,8,0,0,5,8,0,0,0,0,0,0,0,0,0,0,0
561,"Madagascar",2017,9,0,0,5,10,0,0,0,0,0,0,0,0,0,0,0
562,"Madagascar",2017,10,0,0,4,7,0,0,0,0,0,0,0,0,0,0,0
563,"Madagascar",2017,11,0,0,7,19,0,0,0,0,0,0,0,0,0,0,0
564,"Madagascar",2017,12,0,0,8,7,0,0,0,0,0,0,0,0,0,0,0
565,"Malawi",2017,1,0,0,0,0,0,0,0,0,0,0,0,0,0,0,0
566,"Malawi",2017,2,0,0,0,0,0,0,0,0,0,0,0,0,0,0,0
568,"Malawi",2017,4,0,0,0,0,0,0,0,0,0,0,0,0,0,0,0
569,"Malawi",2017,5,0,1,0,0,0,0,0,0,0,0,0,0,0,0,0
570,"Malawi",2017,6,0,0,0,0,0,0,0,0,0,0,0,0,0,0,0
571,"Malawi",2017,7,0,0,0,0,0,0,0,0,0,0,0,0,0,0,0
572,"Malawi",2017,8,0,0,0,0,0,0,0,0,0,0,0,0,0,0,0
574,"Malawi",2017,10,0,0,0,0,0,0,0,0,0,0,0,0,0,0,0
576,"Malawi",2017,12,0,0,0,0,0,0,0,0,0,0,0,0,0,0,0
577,"Mali",2017,1,0,0,7,16,18,11,0,0,0,0,0,0,1,1,0
578,"Mali",2017,2,13,0,7,22,13,5,0,0,0,0,0,0,1,1,0
579,"Mali",2017,3,0,0,17,61,7,6,0,0,0,0,0,0,1,1,0
581,"Mali",2017,5,0,0,9,41,8,8,0,0,0,0,0,0,1,1,0
582,"Mali",2017,6,32,0,13,143,13,5,0,0,0,0,1,0,1,1,1
583,"Mali",2017,7,5,0,25,49,4,3,0,0,0,1,0,0,0,0,0
584,"Mali",2017,8,0,0,11,20,20,5,0,0,0,0,0,0,1,1,0
585,"Mali",2017,9,0,1,10,18,18,7,0,0,0,0,0,0,1,1,0
586,"Mali",2017,10,0,0,15,36,9,4,0,0,0,0,0,0,0,0,0
587,"Mali",2017,11,0,0,12,18,13,11,0,0,0,0,0,0,1,1,0
588,"Mali",2017,12,0,1,7,9,14,8,0,0,0,0,0,0,1,1,0
590,"Mexico",2017,2,0,0,0,0,0,0,0,0,0,0,0,0,0,0,0
592,"Mexico",2017,4,16,0,0,0,0,0,0,0,0,0,0,0,0,0,0
593,"Mexico",2017,5,4,0,0,0,1,1,0,0,0,0,0,0,0,0,0
594,"Mexico",2017,6,23,0,0,0,8,2,0,0,0,0,0,0,0,0,0
597,"Mexico",2017,9,6,0,0,0,0,0,0,0,0,0,0,0,0,0,0
598,"Mexico",2017,10,24,0,0,0,0,0,0,0,0,0,0,0,0,0,0
599,"Mexico",2017,11,34,0,0,0,0,0,0,0,0,0,0,0,0,0,0
600,"Mexico",2017,12,8,0,0,0,1,1,0,0,0,0,0,0,0,0,0
601,"Morocco",2017,1,0,0,0,0,0,0,0,0,0,0,0,0,0,0,0
602,"Morocco",2017,2,0,0,0,0,0,0,0,0,0,0,0,0,0,0,0
603,"Morocco",2017,3,0,0,0,0,0,0,0,0,0,0,0,0,0,0,0
604,"Morocco",2017,4,0,0,0,0,0,0,0,0,0,0,0,0,0,0,0
606,"Morocco",2017,6,0,0,0,0,0,0,0,0,0,0,0,0,0,0,0
607,"Morocco",2017,7,0,1,1,0,0,0,0,0,0,0,0,0,0,0,0
608,"Morocco",2017,8,0,0,0,0,0,0,0,0,0,0,0,0,0,0,0
609,"Morocco",2017,9,0,0,2,2,0,0,0,0,0,0,0,0,0,0,0
610,"Morocco",2017,10,0,0,1,0,0,0,0,0,0,0,0,0,0,0,0
612,"Morocco",2017,12,0,0,0,0,0,0,0,0,0,0,0,0,0,0,0
615,"Mozambique",2017,3,0,0,0,0,0,0,0,0,0,0,0,0,0,0,0
617,"Mozambique",2017,5,0,0,0,0,0,0,0,0,0,0,0,0,0,0,0
618,"Mozambique",2017,6,0,0,0,0,0,0,0,0,0,0,0,0,0,0,0
620,"Mozambique",2017,8,0,0,1,1,0,0,0,0,0,0,0,0,0,0,0
621,"Mozambique",2017,9,0,0,0,0,0,0,0,0,0,0,0,0,0,0,0
622,"Mozambique",2017,10,0,5,8,31,19,8,0,0,0,0,0,0,1,1,0
623,"Mozambique",2017,11,0,0,1,7,0,0,0,0,0,0,0,0,0,0,0
624,"Mozambique",2017,12,0,0,1,1,0,0,0,0,0,0,0,0,0,0,0
625,"Myanmar",2017,1,0,0,68,39,8,7,0,0,1,1,0,0,1,1,0
628,"Myanmar",2017,4,0,0,18,19,1,1,0,0,0,0,0,0,0,0,0
629,"Myanmar",2017,5,0,0,42,2,2,4,0,0,0,1,0,0,0,0,0
630,"Myanmar",2017,6,0,0,33,5,6,5,0,0,0,1,0,0,1,1,0
631,"Myanmar",2017,7,0,1,38,6,5,4,0,0,0,1,0,0,0,0,0
632,"Myanmar",2017,8,251,0,34,75,156,59,1,0,0,1,0,1,1,1,0
633,"Myanmar",2017,9,10,0,24,0,0,12,0,0,0,0,0,0,1,1,0
634,"Myanmar",2017,10,0,5,25,0,0,1,0,0,0,1,0,0,0,0,0
635,"Myanmar",2017,11,0,2,52,41,0,0,0,0,1,1,0,0,0,0,0
636,"Myanmar",2017,12,0,0,59,0,1,5,0,0,1,1,0,0,1,1,0
637,"Nepal",2017,1,0,0,0,0,0,1,0,0,0,0,0,0,0,0,0
638,"Nepal",2017,2,0,0,0,0,0,6,0,0,0,0,0,0,1,1,0
639,"Nepal",2017,3,0,6,0,0,0,12,0,0,0,0,0,0,1,1,0
640,"Nepal",2017,4,0,0,0,0,0,4,0,0,0,0,0,0,0,0,0
641,"Nepal",2017,5,0,3,0,0,2,39,0,0,0,0,0,0,1,1,0
643,"Nepal",2017,7,0,0,0,0,0,1,0,0,0,0,0,0,0,0,0
644,"Nepal",2017,8,0,0,0,0,0,1,0,0,0,0,0,0,0,0,0
646,"Nepal",2017,10,0,0,0,0,0,1,0,0,0,0,0,0,0,0,0
648,"Nepal",2017,12,0,1,0,0,0,41,0,0,0,0,0,0,1,1,0
649,"Nicaragua",2017,1,0,0,0,0,0,0,0,0,0,0,0,0,0,0,0
650,"Nicaragua",2017,2,0,0,0,0,0,0,0,0,0,0,0,0,0,0,0
651,"Nicaragua",2017,3,0,0,0,0,0,0,0,0,0,0,0,0,0,0,0
652,"Nicaragua",2017,4,0,0,0,0,0,0,0,0,0,0,0,0,0,0,0
653,"Nicaragua",2017,5,0,0,0,0,0,0,0,0,0,0,0,0,0,0,0
654,"Nicaragua",2017,6,0,0,0,0,0,0,0,0,0,0,0,0,0,0,0
655,"Nicaragua",2017,7,0,0,0,0,0,0,0,0,0,0,0,0,0,0,0
657,"Nicaragua",2017,9,0,0,0,0,0,0,0,0,0,0,0,0,0,0,0
658,"Nicaragua",2017,10,0,0,0,0,0,0,0,0,0,0,0,0,0,0,0
659,"Nicaragua",2017,11,5,0,0,0,0,0,0,0,0,0,0,0,0,0,0
660,"Nicaragua",2017,12,0,0,0,0,0,0,0,0,0,0,0,0,0,0,0
662,"Niger",2017,2,0,0,3,25,0,0,0,0,0,0,0,0,0,0,0
663,"Niger",2017,3,0,0,5,17,4,1,0,0,0,0,0,0,0,0,0
664,"Niger",2017,4,0,1,3,60,57,1,0,0,0,0,0,1,0,1,1
665,"Niger",2017,5,0,0,3,11,3,1,0,0,0,0,0,0,0,0,0
666,"Niger",2017,6,0,0,0,0,4,1,0,0,0,0,0,0,0,0,0
667,"Niger",2017,7,14,0,1,5,9,1,0,0,0,0,0,0,0,0,0
668,"Niger",2017,8,0,0,3,44,0,0,0,0,0,0,0,0,0,0,0
669,"Niger",2017,9,0,0,2,10,1,2,0,0,0,0,0,0,0,0,0
670,"Niger",2017,10,0,0,4,34,13,1,0,0,0,0,0,0,0,0,0
671,"Niger",2017,11,0,0,1,3,0,0,0,0,0,0,0,0,0,0,0
672,"Niger",2017,12,0,0,0,0,0,0,0,0,0,0,0,0,0,0,0
673,"Nigeria",2017,1,173,14,56,348,104,34,1,1,1,1,1,1,1,1,0
674,"Nigeria",2017,2,23,8,33,167,49,22,0,0,0,1,1,0,1,1,0
675,"Nigeria",2017,3,101,0,29,101,163,34,1,0,0,1,1,1,1,1,0
676,"Nigeria",2017,4,49,6,23,115,76,24,0,0,0,0,1,1,1,1,1
678,"Nigeria",2017,6,194,4,21,74,101,46,1,0,0,0,0,1,1,1,0
679,"Nigeria",2017,7,95,3,27,217,168,34,0,0,0,1,1,1,1,1,0
680,"Nigeria",2017,8,113,4,19,79,131,42,1,0,0,0,0,1,1,1,0
681,"Nigeria",2017,9,82,7,24,85,118,38,0,0,0,0,0,1,1,1,0
682,"Nigeria",2017,10,62,4,32,210,100,27,0,0,0,1,1,1,1,1,0
683,"Nigeria",2017,11,160,3,36,117,237,49,1,0,0,1,1,1,1,1,0
685,"Pakistan",2017,1,26,0,22,38,55,58,0,0,0,0,0,1,1,1,0
686,"Pakistan",2017,2,91,16,44,204,164,53,0,1,0,1,1,1,1,1,0
687,"Pakistan",2017,3,24,2,36,115,40,53,0,0,0,1,1,0,1,1,0
688,"Pakistan",2017,4,33,3,22,71,57,41,0,0,0,0,0,1,1,1,0
689,"Pakistan",2017,5,35,3,32,48,83,69,0,0,0,1,0,1,1,1,0
690,"Pakistan",2017,6,83,0,17,41,124,37,0,0,0,0,0,1,1,1,0
691,"Pakistan",2017,7,27,0,27,73,77,41,0,0,0,1,0,1,1,1,0
692,"Pakistan",2017,8,7,1,24,83,57,59,0,0,0,0,0,1,1,1,0
693,"Pakistan",2017,9,1,0,13,37,26,29,0,0,0,0,0,0,1,1,0
694,"Pakistan",2017,10,34,0,22,41,51,48,0,0,0,0,0,1,1,1,0
697,"Papua New Guinea",2017,1,0,0,0,0,0,0,0,0,0,0,0,0,0,0,0
699,"Papua New Guinea",2017,3,0,0,0,0,0,0,0,0,0,0,0,0,0,0,0
700,"Papua New Guinea",2017,4,0,0,0,0,0,0,0,0,0,0,0,0,0,0,0
702,"Papua New Guinea",2017,6,0,0,0,0,0,0,0,0,0,0,0,0,0,0,0
703,"Papua New Guinea",2017,7,0,0,0,0,0,7,0,0,0,0,0,0,1,1,0
705,"Papua New Guinea",2017,9,0,0,0,0,0,0,0,0,0,0,0,0,0,0,0
706,"Papua New Guinea",2017,10,0,0,0,0,0,0,0,0,0,0,0,0,0,0,0
707,"Papua New Guinea",2017,11,0,0,0,0,0,0,0,0,0,0,0,0,0,0,0
709,"Paraguay",2017,1,0,0,0,0,2,1,0,0,0,0,0,0,0,0,0
710,"Paraguay",2017,2,0,0,0,0,0,0,0,0,0,0,0,0,0,0,0
712,"Paraguay",2017,4,0,0,0,0,2,2,0,0,0,0,0,0,0,0,0
713,"Paraguay",2017,5,0,0,0,0,0,0,0,0,0,0,0,0,0,0,0
717,"Paraguay",2017,9,0,0,0,0,0,2,0,0,0,0,0,0,0,0,0
718,"Paraguay",2017,10,0,0,0,0,0,2,0,0,0,0,0,0,0,0,0
719,"Paraguay",2017,11,0,0,0,0,0,0,0,0,0,0,0,0,0,0,0
722,"Philippines",2017,2,0,0,66,59,19,39,0,0,1,1,0,0,1,1,0
723,"Philippines",2017,3,0,0,64,120,29,64,0,0,1,1,1,0,1,1,0
724,"Philippines",2017,4,0,0,32,88,16,30,0,0,0,1,0,0,1,1,0
726,"Philippines",2017,6,0,2,64,366,38,47,0,0,1,1,1,0,1,1,0
727,"Philippines",2017,7,19,0,73,301,31,45,0,0,1,1,1,0,1,1,0
728,"Philippines",2017,8,79,0,81,251,42,36,0,0,1,1,1,0,1,1,0
731,"Philippines",2017,11,2,0,43,68,15,30,0,0,0,1,0,0,1,1,0
732,"Philippines",2017,12,0,0,26,18,33,46,0,0,0,1,0,0,1,1,0
733,"Russia",2017,1,0,0,0,0,5,2,0,0,0,0,0,0,0,0,0
734,"Russia",2017,2,0,0,0,0,0,0,0,0,0,0,0,0,0,0,0
735,"Russia",2017,3,0,0,0,0,0,2,0,0,0,0,0,0,0,0,0
736,"Russia",2017,4,15,0,0,0,25,6,0,0,0,0,0,0,1,1,0
737,"Russia",2017,5,0,0,0,0,3,3,0,0,0,0,0,0,0,0,0
738,"Russia",2017,6,0,0,0,0,0,2,0,0,0,0,0,0,0,0,0
739,"Russia",2017,7,0,0,0,0,0,0,0,0,0,0,0,0,0,0,0
740,"Russia",2017,8,0,0,0,0,6,4,0,0,0,0,0,0,0,0,0
741,"Russia",2017,9,0,0,0,0,1,5,0,0,0,0,0,0,1,1,0
742,"Russia",2017,10,0,0,0,0,2,2,0,0,0,0,0,0,0,0,0
744,"Russia",2017,12,0,0,0,0,0,2,0,0,0,0,0,0,0,0,0
745,"Saudi Arabia",2017,1,0,0,0,2,1,2,0,0,0,0,0,0,0,0,0
746,"Saudi Arabia",2017,2,0,0,0,0,4,9,0,0,0,0,0,0,1,1,0
747,"Saudi Arabia",2017,3,0,0,6,7,1,3,0,0,0,0,0,0,0,0,0
749,"Saudi Arabia",2017,5,0,1,1,2,4,4,0,0,0,0,0,0,0,0,0
750,"Saudi Arabia",2017,6,0,0,4,3,0,2,0,0,0,0,0,0,0,0,0
751,"Saudi Arabia",2017,7,5,0,6,17,4,7,0,0,0,0,0,0,1,1,0
752,"Saudi Arabia",2017,8,0,0,0,0,1,2,0,0,0,0,0,0,0,0,0
754,"Saudi Arabia",2017,10,0,0,2,6,0,2,0,0,0,0,0,0,0,0,0
755,"Saudi Arabia",2017,11,0,0,2,1,0,3,0,0,0,0,0,0,0,0,0
756,"Saudi Arabia",2017,12,0,0,1,2,0,1,0,0,0,0,0,0,0,0,0
757,"Senegal",2017,1,0,0,0,0,0,0,0,0,0,0,0,0,0,0,0
758,"Senegal",2017,2,0,1,0,0,0,0,0,0,0,0,0,0,0,0,0
759,"Senegal",2017,3,0,0,0,0,0,0,0,0,0,0,0,0,0,0,0
760,"Senegal",2017,4,0,0,0,0,0,0,0,0,0,0,0,0,0,0,0
761,"Senegal",2017,5,0,0,1,0,0,0,0,0,0,0,0,0,0,0,0
762,"Senegal",2017,6,0,0,0,0,0,0,0,0,0,0,0,0,0,0,0
763,"Senegal",2017,7,0,0,0,0,0,0,0,0,0,0,0,0,0,0,0
764,"Senegal",2017,8,0,0,0,0,0,0,0,0,0,0,0,0,0,0,0
765,"Senegal",2017,9,0,0,0,0,0,0,0,0,0,0,0,0,0,0,0
767,"Senegal",2017,11,0,0,0,0,0,0,0,0,0,0,0,0,0,0,0
769,"Sierra Leone",2017,1,0,0,0,0,0,0,0,0,0,0,0,0,0,0,0
771,"Sierra Leone",2017,3,0,1,1,0,0,0,0,0,0,0,0,0,0,0,0
772,"Sierra Leone",2017,4,0,0,0,0,0,1,0,0,0,0,0,0,0,0,0
773,"Sierra Leone",2017,5,0,0,0,0,0,0,0,0,0,0,0,0,0,0,0
774,"Sierra Leone",2017,6,0,0,0,0,0,0,0,0,0,0,0,0,0,0,0
775,"Sierra Leone",2017,7,0,0,0,0,0,1,0,0,0,0,0,0,0,0,0
776,"Sierra Leone",2017,8,0,0,0,0,0,0,0,0,0,0,0,0,0,0,0
777,"Sierra Leone",2017,9,0,0,0,0,0,0,0,0,0,0,0,0,0,0,0
778,"Sierra Leone",2017,10,0,0,0,0,0,0,0,0,0,0,0,0,0,0,0
779,"Sierra Leone",2017,11,0,0,0,0,0,0,0,0,0,0,0,0,0,0,0
780,"Sierra Leone",2017,12,0,0,0,0,0,0,0,0,0,0,0,0,0,0,0
781,"Somalia",2017,1,28,0,87,191,124,25,0,0,1,1,1,1,1,1,0
782,"Somalia",2017,2,44,0,60,152,81,39,0,0,1,1,1,1,1,1,0
783,"Somalia",2017,3,25,2,54,90,57,39,0,0,1,1,0,1,1,1,0
784,"Somalia",2017,4,43,3,64,62,79,39,0,0,1,1,0,1,1,1,0
785,"Somalia",2017,5,35,0,83,170,70,36,0,0,1,1,1,1,1,1,0
787,"Somalia",2017,7,16,0,78,237,51,35,0,0,1,1,1,1,1,1,0
788,"Somalia",2017,8,5,2,81,188,49,24,0,0,1,1,1,0,1,1,0
790,"Somalia",2017,10,580,1,106,191,678,30,1,0,1,1,1,1,1,1,0
791,"Somalia",2017,11,1,2,69,97,13,17,0,0,1,1,0,0,1,1,0
793,"South Africa",2017,1,0,1,0,0,2,3,0,0,0,0,0,0,0,0,0
794,"South Africa",2017,2,0,1,0,0,3,3,0,0,0,0,0,0,0,0,0
795,"South Africa",2017,3,0,0,3,14,0,4,0,0,0,0,0,0,0,0,0
796,"South Africa",2017,4,0,2,0,0,1,1,0,0,0,0,0,0,0,0,0
798,"South Africa",2017,6,0,2,0,0,2,2,0,0,0,0,0,0,0,0,0
799,"South Africa",2017,7,0,2,0,0,2,2,0,0,0,0,0,0,0,0,0
801,"South Africa",2017,9,31,3,0,0,1,2,0,0,0,0,0,0,0,0,0
803,"South Africa",2017,11,1,0,0,0,2,2,0,0,0,0,0,0,0,0,0
805,"South Sudan",2017,1,0,0,52,276,0,0,0,0,1,1,1,0,0,0,0
806,"South Sudan",2017,2,0,0,42,273,0,0,0,0,0,1,1,0,0,0,0
807,"South Sudan",2017,3,7,0,41,315,28,5,0,0,0,1,1,0,1,1,0
809,"South Sudan",2017,5,0,0,57,410,31,3,0,0,1,1,1,0,0,0,0
812,"South Sudan",2017,8,25,0,35,178,4,0,0,0,0,1,1,0,0,0,0
813,"South Sudan",2017,9,0,0,38,251,27,3,0,0,0,1,1,0,0,0,0
814,"South Sudan",2017,10,0,0,50,251,0,0,0,0,1,1,1,0,0,0,0
816,"South Sudan",2017,12,69,3,52,320,23,2,0,0,1,1,1,0,0,0,0
817,"Spain",2017,1,0,0,0,0,0,0,0,0,0,0,0,0,0,0,0
818,"Spain",2017,2,0,0,0,0,0,0,0,0,0,0,0,0,0,0,0
819,"Spain",2017,3,0,0,0,0,0,0,0,0,0,0,0,0,0,0,0
820,"Spain",2017,4,0,0,0,0,0,0,0,0,0,0,0,0,0,0,0
821,"Spain",2017,5,0,0,0,0,0,0,0,0,0,0,0,0,0,0,0
823,"Spain",2017,7,0,0,0,0,0,1,0,0,0,0,0,0,0,0,0
824,"Spain",2017,8,16,0,0,0,21,3,0,0,0,0,0,0,0,0,0
825,"Spain",2017,9,0,0,0,0,0,0,0,0,0,0,0,0,0,0,0
828,"Spain",2017,12,0,0,0,0,0,0,0,0,0,0,0,0,0,0,0
829,"Sri Lanka",2017,1,0,0,0,0,0,0,0,0,0,0,0,0,0,0,0
830,"Sri Lanka",2017,2,5,0,0,0,0,0,0,0,0,0,0,0,0,0,0
831,"Sri Lanka",2017,3,0,0,0,0,0,0,0,0,0,0,0,0,0,0,0
832,"Sri Lanka",2017,4,0,0,0,0,0,4,0,0,0,0,0,0,0,0,0
833,"Sri Lanka",2017,5,0,0,0,0,0,27,0,0,0,0,0,0,1,1,0
834,"Sri Lanka",2017,6,0,0,0,0,0,6,0,0,0,0,0,0,1,1,0
835,"Sri Lanka",2017,7,0,0,1,1,1,1,0,0,0,0,0,0,0,0,0
837,"Sri Lanka",2017,9,0,0,0,0,0,1,0,0,0,0,0,0,0,0,0
838,"Sri Lanka",2017,10,0,0,0,0,0,0,0,0,0,0,0,0,0,0,0
839,"Sri Lanka",2017,11,0,0,0,0,0,0,0,0,0,0,0,0,0,0,0
840,"Sri Lanka",2017,12,0,0,0,0,0,2,0,0,0,0,0,0,0,0,0
841,"Sudan",2017,1,11,0,10,16,1,8,0,0,0,0,0,0,1,1,0
842,"Sudan",2017,2,7,1,18,75,1,6,0,0,0,0,0,0,1,1,0
843,"Sudan",2017,3,6,0,8,18,18,8,0,0,0,0,0,0,1,1,0
845,"Sudan",2017,5,5,2,21,325,2,5,0,0,0,0,1,0,1,1,1
846,"Sudan",2017,6,10,7,15,65,1,10,0,0,0,0,0,0,1,1,0
848,"Sudan",2017,8,0,3,4,29,2,10,0,0,0,0,0,0,1,1,0
849,"Sudan",2017,9,0,6,6,22,11,11,0,0,0,0,0,0,1,1,0
850,"Sudan",2017,10,2,0,18,44,9,9,0,0,0,0,0,0,1,1,0
851,"Sudan",2017,11,12,1,10,45,1,5,0,0,0,0,0,0,1,1,0
852,"Sudan",2017,12,0,0,5,24,2,1,0,0,0,0,0,0,0,0,0
853,"Sweeden",2017,1,0,0,0,0,0,2,0,0,0,0,0,0,0,0,0
854,"Sweeden",2017,2,0,0,0,0,0,2,0,0,0,0,0,0,0,0,0
855,"Sweeden",2017,3,0,0,0,0,0,0,0,0,0,0,0,0,0,0,0
856,"Sweeden",2017,4,0,0,0,0,5,2,0,0,0,0,0,0,0,0,0
857,"Sweeden",2017,5,0,0,0,0,0,1,0,0,0,0,0,0,0,0,0
858,"Sweeden",2017,6,0,0,0,0,0,5,0,0,0,0,0,0,1,1,0
861,"Sweeden",2017,9,0,0,0,0,0,1,0,0,0,0,0,0,0,0,0
862,"Sweeden",2017,10,0,0,0,0,0,0,0,0,0,0,0,0,0,0,0
863,"Sweeden",2017,11,0,0,0,0,0,0,0,0,0,0,0,0,0,0,0
864,"Sweeden",2017,12,0,0,0,0,0,3,0,0,0,0,0,0,0,0,0
867,"Syria",2017,3,827,0,711,1749,152,19,1,0,1,1,1,1,1,1,0
868,"Syria",2017,4,726,0,717,2266,197,7,1,0,1,1,1,1,1,1,0
869,"Syria",2017,5,378,2,636,1877,178,16,1,0,1,1,1,1,1,1,0
870,"Syria",2017,6,354,0,807,2506,27,16,1,0,1,1,1,0,1,1,0
871,"Syria",2017,7,416,1,714,2260,48,19,1,0,1,1,1,0,1,1,0
872,"Syria",2017,8,465,0,710,2758,30,7,1,0,1,1,1,0,1,1,0
873,"Syria",2017,9,481,2,750,2977,14,4,1,0,1,1,1,0,0,0,0
874,"Syria",2017,10,700,0,765,2089,192,13,1,0,1,1,1,1,1,1,0
875,"Syria",2017,11,600,6,692,2156,108,7,1,0,1,1,1,1,1,1,0
876,"Syria",2017,12,500,0,475,1161,23,6,1,0,1,1,1,0,1,1,0
878,"Tanzania",2017,2,0,0,0,0,0,0,0,0,0,0,0,0,0,0,0
880,"Tanzania",2017,4,0,0,1,8,8,1,0,0,0,0,0,0,0,0,0
883,"Tanzania",2017,7,5,0,2,3,0,0,0,0,0,0,0,0,0,0,0
885,"Tanzania",2017,9,0,0,0,0,0,1,0,0,0,0,0,0,0,0,0
887,"Tanzania",2017,11,0,0,1,5,0,1,0,0,0,0,0,0,0,0,0
888,"Tanzania",2017,12,0,0,0,0,0,0,0,0,0,0,0,0,0,0,0
889,"Thailand",2017,1,0,0,2,1,1,2,0,0,0,0,0,0,0,0,0
891,"Thailand",2017,3,0,0,9,11,5,6,0,0,0,0,0,0,1,1,0
892,"Thailand",2017,4,0,0,5,6,0,62,0,0,0,0,0,0,1,1,0
893,"Thailand",2017,5,0,0,3,0,1,10,0,0,0,0,0,0,1,1,0
894,"Thailand",2017,6,0,0,3,2,10,9,0,0,0,0,0,0,1,1,0
895,"Thailand",2017,7,8,0,6,2,3,7,0,0,0,0,0,0,1,1,0
896,"Thailand",2017,8,0,0,7,5,4,9,0,0,0,0,0,0,1,1,0
898,"Thailand",2017,10,0,0,3,1,2,5,0,0,0,0,0,0,1,1,0
899,"Thailand",2017,11,0,0,3,3,1,3,0,0,0,0,0,0,0,0,0
900,"Thailand",2017,12,0,0,5,1,0,3,0,0,0,0,0,0,0,0,0
901,"Togo",2017,1,0,0,0,0,0,0,0,0,0,0,0,0,0,0,0
902,"Togo",2017,2,0,1,1,17,0,0,0,0,0,0,0,0,0,0,0
903,"Togo",2017,3,0,0,0,0,0,0,0,0,0,0,0,0,0,0,0
904,"Togo",2017,4,0,0,0,0,0,0,0,0,0,0,0,0,0,0,0
905,"Togo",2017,5,0,0,0,0,0,0,0,0,0,0,0,0,0,0,0
907,"Togo",2017,7,0,0,0,0,0,0,0,0,0,0,0,0,0,0,0
908,"Togo",2017,8,0,2,0,0,0,0,0,0,0,0,0,0,0,0,0
909,"Togo",2017,9,0,1,0,0,0,0,0,0,0,0,0,0,0,0,0
911,"Togo",2017,11,0,0,0,0,0,0,0,0,0,0,0,0,0,0,0
913,"Tunisia",2017,1,0,0,3,0,0,0,0,0,0,0,0,0,0,0,0
914,"Tunisia",2017,2,0,0,2,4,0,0,0,0,0,0,0,0,0,0,0
915,"Tunisia",2017,3,0,0,3,3,3,1,0,0,0,0,0,0,0,0,0
916,"Tunisia",2017,4,0,0,1,2,0,0,0,0,0,0,0,0,0,0,0
917,"Tunisia",2017,5,0,1,3,2,0,0,0,0,0,0,0,0,0,0,0
919,"Tunisia",2017,7,0,0,2,0,0,0,0,0,0,0,0,0,0,0,0
920,"Tunisia",2017,8,0,0,1,2,0,0,0,0,0,0,0,0,0,0,0
922,"Tunisia",2017,10,0,0,3,1,0,0,0,0,0,0,0,0,0,0,0
923,"Tunisia",2017,11,0,0,4,2,1,1,0,0,0,0,0,0,0,0,0
924,"Tunisia",2017,12,0,0,1,1,0,0,0,0,0,0,0,0,0,0,0
926,"Turkey",2017,2,0,0,16,38,2,4,0,0,0,0,0,0,0,0,0
927,"Turkey",2017,3,0,1,54,246,5,5,0,0,1,1,1,0,1,1,0
928,"Turkey",2017,4,2,0,69,213,6,6,0,0,1,1,1,0,1,1,0
929,"Turkey",2017,5,0,1,86,329,14,5,0,0,1,1,1,0,1,1,0
930,"Turkey",2017,6,0,0,77,298,9,9,0,0,1,1,1,0,1,1,0
931,"Turkey",2017,7,0,0,63,307,20,18,0,0,1,1,1,0,1,1,0
932,"Turkey",2017,8,0,0,63,292,14,17,0,0,1,1,1,0,1,1,0
933,"Turkey",2017,9,0,0,60,171,10,16,0,0,1,1,1,0,1,1,0
934,"Turkey",2017,10,0,0,41,113,5,10,0,0,0,1,1,0,1,1,0
935,"Turkey",2017,11,0,0,44,180,1,2,0,0,0,1,1,0,0,0,0
936,"Turkey",2017,12,0,0,25,82,1,3,0,0,0,1,0,0,0,0,0
937,"Uganda",2017,1,0,0,0,0,0,0,0,0,0,0,0,0,0,0,0
938,"Uganda",2017,2,0,0,1,2,0,0,0,0,0,0,0,0,0,0,0
939,"Uganda",2017,3,0,0,2,2,3,1,0,0,0,0,0,0,0,0,0
940,"Uganda",2017,4,0,1,2,7,1,2,0,0,0,0,0,0,0,0,0
941,"Uganda",2017,5,0,0,2,1,0,0,0,0,0,0,0,0,0,0,0
942,"Uganda",2017,6,0,0,1,9,0,0,0,0,0,0,0,0,0,0,0
943,"Uganda",2017,7,0,0,0,0,0,1,0,0,0,0,0,0,0,0,0
944,"Uganda",2017,8,0,0,1,1,0,0,0,0,0,0,0,0,0,0,0
946,"Uganda",2017,10,0,1,1,0,0,1,0,0,0,0,0,0,0,0,0
947,"Uganda",2017,11,0,0,2,2,0,2,0,0,0,0,0,0,0,0,0
948,"Uganda",2017,12,0,0,1,0,1,1,0,0,0,0,0,0,0,0,0
949,"Ukraine",2017,1,0,0,0,0,21,5,0,0,0,0,0,0,1,1,0
950,"Ukraine",2017,2,0,0,0,0,0,5,0,0,0,0,0,0,1,1,0
951,"Ukraine",2017,3,0,0,0,0,0,4,0,0,0,0,0,0,0,0,0
953,"Ukraine",2017,5,0,0,0,0,0,6,0,0,0,0,0,0,1,1,0
954,"Ukraine",2017,6,0,0,0,0,1,4,0,0,0,0,0,0,0,0,0
955,"Ukraine",2017,7,0,0,0,0,1,5,0,0,0,0,0,0,1,1,0
957,"Ukraine",2017,9,0,0,0,0,1,4,0,0,0,0,0,0,0,0,0
958,"Ukraine",2017,10,0,0,0,0,2,4,0,0,0,0,0,0,0,0,0
959,"Ukraine",2017,11,0,0,0,0,0,1,0,0,0,0,0,0,0,0,0
960,"Ukraine",2017,12,0,0,0,0,0,4,0,0,0,0,0,0,0,0,0
961,"United Kingdom",2017,1,0,0,0,0,0,12,0,0,0,0,0,0,1,1,0
962,"United Kingdom",2017,2,0,0,0,0,0,10,0,0,0,0,0,0,1,1,0
963,"United Kingdom",2017,3,0,0,0,0,6,7,0,0,0,0,0,0,1,1,0
964,"United Kingdom",2017,4,0,0,0,0,0,4,0,0,0,0,0,0,0,0,0
965,"United Kingdom",2017,5,22,0,0,0,23,9,0,0,0,0,0,0,1,1,0
966,"United Kingdom",2017,6,8,0,0,0,12,14,0,0,0,0,0,0,1,1,0
969,"United Kingdom",2017,9,0,0,0,0,0,17,0,0,0,0,0,0,1,1,0
970,"United Kingdom",2017,10,0,0,0,0,0,10,0,0,0,0,0,0,1,1,0
972,"United Kingdom",2017,12,0,0,0,0,0,6,0,0,0,0,0,0,1,1,0
973,"United States",2017,1,0,0,0,0,6,7,0,0,0,0,0,0,1,1,0
974,"United States",2017,2,0,0,0,0,1,7,0,0,0,0,0,0,1,1,0
975,"United States",2017,3,0,0,0,0,1,4,0,0,0,0,0,0,0,0,0
976,"United States",2017,4,0,0,0,0,4,8,0,0,0,0,0,0,1,1,0
977,"United States",2017,5,0,0,0,0,5,6,0,0,0,0,0,0,1,1,0
978,"United States",2017,6,0,0,0,0,1,5,0,0,0,0,0,0,1,1,0
980,"United States",2017,8,0,0,0,0,1,4,0,0,0,0,0,0,0,0,0
982,"United States",2017,10,0,0,0,0,67,6,0,0,0,0,0,1,1,1,0
983,"United States",2017,11,0,0,0,0,0,2,0,0,0,0,0,0,0,0,0
984,"United States",2017,12,0,0,0,0,3,2,0,0,0,0,0,0,0,0,0
985,"Venezuela",2017,1,0,0,0,0,0,2,0,0,0,0,0,0,0,0,0
986,"Venezuela",2017,2,0,0,0,0,0,0,0,0,0,0,0,0,0,0,0
987,"Venezuela",2017,3,0,0,0,0,0,0,0,0,0,0,0,0,0,0,0
988,"Venezuela",2017,4,0,0,0,0,0,1,0,0,0,0,0,0,0,0,0
989,"Venezuela",2017,5,0,0,0,0,1,2,0,0,0,0,0,0,0,0,0
990,"Venezuela",2017,6,0,0,0,0,0,0,0,0,0,0,0,0,0,0,0
991,"Venezuela",2017,7,0,0,0,0,2,4,0,0,0,0,0,0,0,0,0
992,"Venezuela",2017,8,47,0,0,0,0,1,0,0,0,0,0,0,0,0,0
993,"Venezuela",2017,9,0,0,0,0,0,0,0,0,0,0,0,0,0,0,0
995,"Venezuela",2017,11,0,0,0,0,0,2,0,0,0,0,0,0,0,0,0
996,"Venezuela",2017,12,0,0,0,0,0,0,0,0,0,0,0,0,0,0,0
997,"Yemen",2017,1,0,0,197,1153,25,11,0,0,1,1,1,0,1,1,0
998,"Yemen",2017,2,0,0,126,647,66,7,0,0,1,1,1,1,1,1,0
999,"Yemen",2017,3,64,0,117,588,68,14,0,0,1,1,1,1,1,1,0
1000,"Yemen",2017,4,8,0,111,565,18,7,0,0,1,1,1,0,1,1,0
1001,"Yemen",2017,5,23,0,130,644,7,5,0,0,1,1,1,0,1,1,0
1003,"Yemen",2017,7,35,0,145,762,14,10,0,0,1,1,1,0,1,1,0
1004,"Yemen",2017,8,91,0,191,970,19,16,0,0,1,1,1,0,1,1,0
1005,"Yemen",2017,9,12,0,187,785,8,9,0,0,1,1,1,0,1,1,0
1008,"Yemen",2017,12,177,0,209,1402,38,20,1,0,1,1,1,0,1,1,0
1010,"Zimbabwe",2017,2,0,0,0,0,0,0,0,0,0,0,0,0,0,0,0
1011,"Zimbabwe",2017,3,0,0,1,0,0,0,0,0,0,0,0,0,0,0,0
1012,"Zimbabwe",2017,4,0,0,0,0,0,0,0,0,0,0,0,0,0,0,0
1014,"Zimbabwe",2017,6,0,1,0,0,0,0,0,0,0,0,0,0,0,0,0
1016,"Zimbabwe",2017,8,0,0,1,0,0,0,0,0,0,0,0,0,0,0,0
1017,"Zimbabwe",2017,9,0,0,1,0,0,0,0,0,0,0,0,0,0,0,0
1018,"Zimbabwe",2017,10,0,0,0,0,0,0,0,0,0,0,0,0,0,0,0
